ลำดับ,เรซูเม่ ID,คะแนน,อายุ,ตำแหน่งที่สมัคร,จังหวัด,เงินเดือน,ระดับการศึกษา,สาขา,มหาวิทยาลัย,ตำแหน่งที่เคยทำ,อัปเดตล่าสุด,ลิงก์โปรไฟล์
1,8946035,95%,21 ปี,"ไอที, คอมพิวเตอร์, โปรแกรมเมอร์PHP HTML พอได้",กรุงเทพมหานคร,"15, 000",ปริญญาตรี,เทคโนโลยีธุรกิจดิจิทัล,มหาวิทยาลัยเซาธ์อีสท์บางกอก วิทยาเขตบางนา,"ออกแบบป้าย, เอกสาร",21 ต.ค. 68,"https://www3.jobthai.com/resume/0,8946035.html"
2,8717427,100%,25 ปี,"Data Analyst, Business Intelligence ( Bi ), ประสานงาน",กรุงเทพมหานคร,"22, 000",ปริญญาตรี,นิติศาสตร์,มหาวิทยาลัยทักษิณ วิทยาเขตสงขลา,"Logistics system analyst, Customer service",21 ต.ค. 68,"https://www3.jobthai.com/resume/0,8717427.html"
3,6777511,95%,27 ปี,"ฝ่ายไอที, ฝ่ายเอกสาร, ฝ่ายอะไหล่ สโตร์",ชลบุรี,"13, 000",ปวส.,คอมพิวเตอร์,วิทยาลัยอาชีวศึกษาเทคนิคบริหารธุรกิจกรุงเทพ-ชลบุรี,"IT Support, พนักงานอะไหล่, ผู้ช่วยช่าง",21 ต.ค. 68,"https://www3.jobthai.com/resume/0,6777511.html"
4,8534749,100%,25 ปี,"กราฟิก, คอนเทนต์ ครีเอเตอร์, คอมพิวเตอร์/ไอที",ฉะเชิงเทรา,"20, 000",ปริญญาตรี,เทคโนโลยีเทคโนโลยีดิจิทัลเพื่อการศึกษา,มหาวิทยาลัยรัตนบัณฑิต (อาร์แบค),"teacher computer, อาจาร์ยสอนคอมพิวเตอร์ธุรกิจ, ล็อบบี้",21 ต.ค. 68,"https://www3.jobthai.com/resume/0,8534749.html"
5,8617307,95%,24 ปี,"Junior Project Manager, Business Analyst, Application Consultant",กรุงเทพมหานคร,"30, 000",ปริญญาตรี,เทคโนโลยีสารสนเทศ,มหาวิทยาลัยศิลปากร วิทยาเขตพระราชวังสนามจันทร์,Junior Project Manager,21 ต.ค. 68,"https://www3.jobthai.com/resume/0,8617307.html"
6,6730186,100%,29 ปี,"งานด้านไอที/ช่างเทคนิค, คลังสินค้า/เจ้าหน้าที่นับสต็อก, ขายสินค้า",ขอนแก่น,"13, 000-15, 000",ปวช.,คอมพิวเตอร์ธุรกิจ,วิทยาลัยเทคนิคชุมแพ,"เจ้าหน้าที่กิจกรรม, ช่างเฟอร์นิเจอร์, Audit/เจ้าหน้าที่นับสต็อคร้านถูกดี มีมาตรฐาน, IM, KD",21 ต.ค. 68,"https://www3.jobthai.com/resume/0,6730186.html"
7,8396430,100%,24 ปี,"IT support, การเงิน, อื่นๆ",ปทุมธานี,"16, 000",ปริญญาตรี,คอมพิวเตอร์ธุรกิจ,มหาวิทยาลัยเทคโนโลยีราชมงคลธัญบุรี,"การเงิน ทีมแก้ไขรายวัน(หัวหน้าเสมียน), Web Developer (เด็กฝึกงาน)",21 ต.ค. 68,"https://www3.jobthai.com/resume/0,8396430.html"
8,6464995,100%,31 ปี,"Project Manager, IT Manager, Software Tester (Manual)",กรุงเทพมหานคร,"40, 000",ปริญญาตรี,ประวัติศาสตร์,มหาวิทยาลัยศรีนครินทรวิโรฒ,"Product Manager, Digital Poject Manager, Software Developer, พัฒนาชุมชน, ฝึกงาน",21 ต.ค. 68,"https://www3.jobthai.com/resume/0,6464995.html"
9,8648724,100%,24 ปี,"Business Intelligence Analyst, Data Visualization, Data Analyst",นนทบุรี,"16, 000-18, 000",ปริญญาตรี,การวิเคราะห์ข้อมูลเชิงธุรกิจ,มหาวิทยาลัยเทคโนโลยีราชมงคลพระนคร วิทยาเขตพณิชยการพระนคร,พนักงานเวชสถิติ,21 ต.ค. 68,"https://www3.jobthai.com/resume/0,8648724.html"
10,6893580,100%,28 ปี,Software Tester,นครราชสีมา,"45, 000",ปริญญาตรี,เทคโนโลยีสารสนเทศเพื่อการจัดการ,มหาวิทยาลัยเทคโนโลยีสุรนารี,"Software Tester, Junior Software Tester, Tester",21 ต.ค. 68,"https://www3.jobthai.com/resume/0,6893580.html"
11,8871883,100%,22 ปี,IT SUPPORT,หนองคาย,"18, 000-20, 000",ปริญญาตรี,วิศวกรรมคอมพิวเตอร์,มหาวิทยาลัยเกษตรศาสตร์ วิทยาเขตสกลนคร,IT Support,21 ต.ค. 68,"https://www3.jobthai.com/resume/0,8871883.html"
12,8974745,95%,26 ปี,"พนักงานทั่วไป, พนักงานกราฟิก, พนักงานคอมพิวเตอร์",สงขลา,"20, 000",ปริญญาตรี,ระบบสารสนเทศธุรกิจดิจิทัล,มหาวิทยาลัยเทคโนโลยีราชมงคลศรีวิชัย สงขลา,"เด็กฝึกงาน, เด็กฝึกงาน",21 ต.ค. 68,"https://www3.jobthai.com/resume/0,8974745.html"
13,5786778,100%,34 ปี,"Front-End Developer React-native, React.js, Next.js, Vue, Nuxt, Backend Developer Express.js, Golang",กรุงเทพมหานคร,"40, 000-55, 000",ปริญญาตรี,วิทยาการคอมพิวเตอร์,มหาวิทยาลัยราชภัฏสุรินทร์,"front-end developer, mobile, web developer, mobile developer, mobile developer, Android Dev",21 ต.ค. 68,"https://www3.jobthai.com/resume/0,5786778.html"
14,7063756,100%,24 ปี,"พนักงานธุรการทั่วไป, เจ้าหน้าที่ IT, ออกแบบ / Graphics design",สมุทรสาคร,"18, 000",ปริญญาตรี,เทคโนโลยีธุรกิจดิจิทัล,สถาบันการอาชีวศึกษาภาคกลาง 5,"พนักงานพัฒนาธุรกิจ, พนักงานธุรการบัญชี",21 ต.ค. 68,"https://www3.jobthai.com/resume/0,7063756.html"
15,7882311,100%,26 ปี,"Frontend Developer, QA",กรุงเทพมหานคร,"28, 000",ปริญญาตรี,ภาษาจีน (汉语言）,มหาวิทยาลัยยุนนาน (云南大学）,Chinese Translator,20 ต.ค. 68,"https://www3.jobthai.com/resume/0,7882311.html"
16,5773394,100%,31 ปี,"Big data, Data science, Data analysis, Web Developer / Web programmer / Web Design",นนทบุรี,"30, 000 ขึ้นไป",ปริญญาโท,วิศวกรรมข้อมูลขนาดใหญ่,มหาวิทยาลัยธุรกิจบัญฑิตย์,"Technical Staff, Web Developer, Web programmer",20 ต.ค. 68,"https://www3.jobthai.com/resume/0,5773394.html"
17,7192032,100%,30 ปี,"Frontend Developer, Unity Developer, Programamer",กรุงเทพมหานคร,"30, 000",ปริญญาตรี,การออกแบบอินเทอร์แอคทีฟและเกม,ศรีปทุม,"Programmer, Programmer",20 ต.ค. 68,"https://www3.jobthai.com/resume/0,7192032.html"
18,8884700,85%,23 ปี,"Game Programmer, Tester, งานคีย์ข้อมูล",พระนครศรีอยุธยา,"18, 000",ปริญญาตรี,วิชาเกมและสื่อเชิงโต้ตอบ,มหาวิทยาลัยกรุงเทพ วิทยาเขตรังสิต,-,20 ต.ค. 68,"https://www3.jobthai.com/resume/0,8884700.html"
19,5326092,100%,31 ปี,"Application Support, IT Business Analytic, Digital Marketing",กรุงเทพมหานคร,"50, 000-60, 000",ปริญญาตรี,เทคโนโลยีสารสนเทศและการสื่อสารเพื่อการตลาด,มหาวิทยาลัยราชภัฏสวนสุนันทา,"เจ้าหน้าที่สารสนเทศ, ธุรการ, เจ้าหน้าที่ส่งเสริมการขาย, เจ้าหน้าที่การตลาด, ผู้เชี่ยวชาญคอมพิวเตอร์",20 ต.ค. 68,"https://www3.jobthai.com/resume/0,5326092.html"
20,3076066,100%,37 ปี,"IT Support, ช่างเทคนิค, ธุรการ/ประสานงาน",นนทบุรี,"23, 000",ปริญญาตรี,สารสนเทศ,มหาวิทยาลัยสุโขทัยธรรมาธิราช,"Onsite Service Engineer, Customer Engineer, พนักงานขับรถ, IT Support, เจ้าหน้าที่บริการงานคอมพิวเตอร์",20 ต.ค. 68,"https://www3.jobthai.com/resume/0,3076066.html"
21,7672137,100%,46 ปี,"IT Manager / Asst. IT Manager, IT Support ERP/ Pos System, IT Project Manager",กรุงเทพมหานคร,"65, 000",ปริญญาตรี,คอมพิวเตอร์ธุรกิจ,มหาวิทยาลัยราชภัฏธนบุรี,Senior System Engineer,20 ต.ค. 68,"https://www3.jobthai.com/resume/0,7672137.html"
22,5825586,100%,34 ปี,"คลังสินค้า, พนักงานอะไหล่รถยนต์, คอมพิวเตอร์ไอที",กรุงเทพมหานคร,"20, 000",ปวส.,คอมพิวเตอร์ธุรกิจ,โรงเรียนพณิชยการมิตรพล,"เจ้าหน้าที่โลจิสติกส์, เจ้าหน้าที่คลังสินค้า, เจ้าหน้าที่อะไหล่, เจ้าหน้าที่คลังสินค้า, เจ้าหน้าที่อะไหล่",20 ต.ค. 68,"https://www3.jobthai.com/resume/0,5825586.html"
23,8202513,100%,24 ปี,"Junior Network Engineer, Project Management",กรุงเทพมหานคร,"25, 000",ปริญญาตรี,วิศวกรรมไฟฟ้า,มหาวิทยาลัยนเรศวร,"Project Management, Assistant Project Manager (IT), นักศึกษาฝึกงาน",20 ต.ค. 68,"https://www3.jobthai.com/resume/0,8202513.html"
24,9049895,100%,28 ปี,"VideoEditor, Computer IT, Graphic",กรุงเทพมหานคร,"12, 000-15, 000",ปวส.,คอมพิวเตอร์ธุรกิจ,มหาวิทยาลัยเทคโนโลยีขอนแก่นบริหารธุรกิจ,"เจ้าหน้าที่รักษาความปลอดภัย, ผู้ช่วยผู้จัดการร้าน, พนักงานฝ่ายผลิต",20 ต.ค. 68,"https://www3.jobthai.com/resume/0,9049895.html"
25,8734726,90%,31 ปี,"Product Owner, Technical Lead, System Analyst",กรุงเทพมหานคร,"70, 000",ปริญญาตรี,Software Engineering,Burapha University,"Squad Lead, Technical Lead, Full Stack Developer",20 ต.ค. 68,"https://www3.jobthai.com/resume/0,8734726.html"
26,8845891,100%,23 ปี,"Software tester, BA, Fullstack dev",ปทุมธานี,"18, 000+",ปริญญาตรี,IT,มหาวิทยาลัยเทคโนโลยีราชมงคลธัญบุรี,"fullstack developer, junior devops",20 ต.ค. 68,"https://www3.jobthai.com/resume/0,8845891.html"
27,9105145,100%,18 ปี,"ผู้ช่วย, เจ้าหน้าที่, งานบริการ",อุตรดิตถ์,"9, 500-15, 000",ปวช.,คอมพิวเตอร์ธุรกิจ,วิทยาลัยสารพัดช่างอุตรดิตถ์,"นักศึกษาฝึกงาน, พนักงานต้อนรับ, พนักงานขาย",20 ต.ค. 68,"https://www3.jobthai.com/resume/0,9105145.html"
28,9089009,100%,24 ปี,"full stack developer, web developer, frontend developer",สงขลา,"25, 000-30, 000",ปริญญาตรี,คอมพิวเตอร์,มหาวิทยาลัยสงขลานครินทร์ วิทยาเขตหาดใหญ่,"นักวิชาการคอมพิวเตอร์, Fullstack Developer, Frontend Developer",20 ต.ค. 68,"https://www3.jobthai.com/resume/0,9089009.html"
29,9087385,85%,22 ปี,"วิศวกรซอฟต์แวร์, นักพัฒนาโปรแกรม",กรุงเทพมหานคร,"28, 000",ปริญญาตรี,วิศวกรรมคอมพิวเตอร์และระบบไอโอที,มหาวิทยาลัยเทคโนโลยีราชมงคลกรุงเทพ,-,20 ต.ค. 68,"https://www3.jobthai.com/resume/0,9087385.html"
30,2756016,95%,36 ปี,"พนักงานคลัง, ผู้ช่วยIT, ธุรการ",กรุงเทพมหานคร,"20, 000",ปริญญาตรี,ประชาสัมพันธ์,มหาวิทยาลัย หอการค้าไทยมหาวิทยาลัย,"เจ้าหน้าที่ธุรการ, Hub register คลัง, IT support, PC พนักงายขายประจำสาขา, แคชเชียร์",20 ต.ค. 68,"https://www3.jobthai.com/resume/0,2756016.html"
31,8997604,95%,26 ปี,ไอที,สมุทรสาคร,"20, 000",ปริญญาตรี,วิศวกรรมคอมพิวเตอร์,rmutr,"draftsman, ฝึกงาน",20 ต.ค. 68,"https://www3.jobthai.com/resume/0,8997604.html"
32,9087696,100%,37 ปี,"IT Support, พนักงานคอมพิวเตอร์, พนักงานบันทึกข้อมูล",นนทบุรี,"18, 000",ปริญญาตรี,โยธา,มหาวิทยาลัยนเรศวร,พนักงานไอที,20 ต.ค. 68,"https://www3.jobthai.com/resume/0,9087696.html"
33,2814879,100%,41 ปี,"Project manager, Product Owner, Implementer",นนทบุรี,"55, 000",ปริญญาตรี,คอมพิวเตอร์ธุรกิจ,มหาวิทยาลัยธนบุรี,"Implementer, Sale Administrator, Warehouse Coordinator, Warehouse Officer",20 ต.ค. 68,"https://www3.jobthai.com/resume/0,2814879.html"
34,6801406,100%,35 ปี,"Electronics Engineer, R&D Engineer",กรุงเทพมหานคร,"45, 000",ปริญญาตรี,วิศวกรรมไฟฟ้า,มหาวิทยาลัยบูรพา,"Electrical Engineer, Senior Electronics Engineer, R&D Engineer, Hardware Developer, R&D Engineer",20 ต.ค. 68,"https://www3.jobthai.com/resume/0,6801406.html"
35,7354859,100%,35 ปี,"iT support, iT helpdesk",กรุงเทพมหานคร,"22, 000",ปริญญาตรี,สื่อสารการตลาด,มหาวิทยาลัยรังสิต,"It Support (ธนาคารไทยเครดิต), IT Asset Management (onsite KBTG), IT Help Desk, Standby Technician (Onsite GHB Bank), Human resources",20 ต.ค. 68,"https://www3.jobthai.com/resume/0,7354859.html"
36,6497918,95%,29 ปี,"เจ้าหน้าที่ธุรการ, เลขานุการ, พนักงานคอมพิวเตอร์",นนทบุรี,"22, 000 ขึ้นไป",ปริญญาตรี,ระบบสารสนเทศ,มหาวิทยาลัยเทคโนโลยีราชมงคลธัญบุรี,"Budget Auditor, เจ้าหน้าที่ปฏิบัติการ, นักศึกษาฝึกงาน, นักศึกษาฝึกงาน",20 ต.ค. 68,"https://www3.jobthai.com/resume/0,6497918.html"
37,6572154,100%,35 ปี,"BA/SA, MIS",กรุงเทพมหานคร,"60, 000",ปริญญาตรี,เทคโนโลยีสารสนเทศ,มหาวิทยาลัยเทคโนโลยีพระจอมเกล้าพระนครเหนือ,"Asst.IT&Mis Manager, Sr.IT, IT & Graphic, Schematic HDI, Graphic",20 ต.ค. 68,"https://www3.jobthai.com/resume/0,6572154.html"
38,2940334,100%,37 ปี,"ผู้จัดการแผนกไอที, หัวหน้าแผนกไอที, เจ้าหน้าที่ไอที",บุรีรัมย์,"37, 000-40, 000",ปริญญาตรี,วิทยาการคอมพิวเตอร์,มหาวิทยาลัยราชภัฏบุรีรัมย์,"เจ้าหน้าที่ไอที, หัวหน้าแผนกไอทีและสวัสดิการ",20 ต.ค. 68,"https://www3.jobthai.com/resume/0,2940334.html"
39,8681860,100%,38 ปี,IT support,นนทบุรี,"18, 000",ปริญญาตรี,คอมพิวเตอร์,มหาวิทยาลัยเทคโนโลยีราชมงคลสุวรรณภูมิ ศูนย์พระนครศรีอยุธยา วาสุกรี,เจ้าหน้าที่ IT,20 ต.ค. 68,"https://www3.jobthai.com/resume/0,8681860.html"
40,8805626,95%,32 ปี,"Sale, ฝ่ายขาย, ทีม project, It, programmer, Graphic, video editor",กรุงเทพมหานคร,"15, 000",ปริญญาตรี,คอมพิวเตอร์ธุรกิจ,มหาวิทยาลัยเกษมบัณฑิต วิทยาเขตร่มเกล้า,"แอดมิน, Graphic/it, กราฟิก, ธุรการ",20 ต.ค. 68,"https://www3.jobthai.com/resume/0,8805626.html"
41,9095647,100%,35 ปี,"ผจก แผนกเทคโนโลยีสารสนเทศ, หัวหน้า แผนกเทคโนโลยีสารสนเทศ",สงขลา,"25, 000-40, 000",ปริญญาตรี,คอมพิวเตอร์,มหาวิทยาลัยเทคโนโลยีมหานคร,"หัวหน้าแผนก itsupport, เจ้าหน้าที่ it support",20 ต.ค. 68,"https://www3.jobthai.com/resume/0,9095647.html"
42,8472931,100%,27 ปี,"it support, งานผ่านระบบ microsoft office",นครราชสีมา,"12, 900",ปริญญาตรี,วิศวกรรมคอมพิวเตอร์,มหาวิทยาลัยเทคโนโลยีราชมงคลอีสาน,"Audit it, ฝ่ายขาย, IT SUPPORT ( ฝึกงาน )",20 ต.ค. 68,"https://www3.jobthai.com/resume/0,8472931.html"
43,9038175,100%,22 ปี,"Software Tester, System Analyst, Business Analyst",กรุงเทพมหานคร,"18, 000",ปริญญาตรี,ระบบสารสนเทศ (พัฒนาซอฟแวร์),มหาวิทยาลัยเทคโนโลยีราชมงคลพระนคร,Application Developer (intern),20 ต.ค. 68,"https://www3.jobthai.com/resume/0,9038175.html"
45,3038787,100%,42 ปี,"It Manager, Project Manager, SA, BA, Produdct Owner",สมุทรปราการ,-,ปริญญาโท,เทคโนโลยีโลจิสติกส์,มหาวิทยาลัยกรุงเทพสุวรรณภูมิ,"Project Manager, software development manager, Programmer, It Manager, senior programmer",20 ต.ค. 68,"https://www3.jobthai.com/resume/0,3038787.html"
46,8694721,100%,26 ปี,"Process engineer, Production engineer, SMT engineer, Database system, Network engineer, System engineer, Industrial Engineer",ชลบุรี,"25, 000",ปริญญาโท,วิศวกรรมระบบ,มหาวิทยาลัยเทคโนโลยีสุรนารี,"Equipment Engineer, Process Engineer Front End, Operation engineering support",20 ต.ค. 68,"https://www3.jobthai.com/resume/0,8694721.html"
47,8025087,100%,27 ปี,Network Engineer,สระแก้ว,"25, 000++",ปริญญาตรี,Computer engineer,Rajamangala University of Technology Phra Nakhon,"IT hardware, IT support",20 ต.ค. 68,"https://www3.jobthai.com/resume/0,8025087.html"
48,8780017,100%,25 ปี,"IT support, other it",กรุงเทพมหานคร,"28, 000",ปริญญาตรี,การออกแบบเชิงโต้ตอบและการพัฒนาเกม,มหาวิทยาลัยธุรกิจบัณฑิตย์,it support,20 ต.ค. 68,"https://www3.jobthai.com/resume/0,8780017.html"
49,6320825,100%,32 ปี,"ฝ่ายธุรการและประสานงาน, Admin-งานธนาคาร, it supports",กรุงเทพมหานคร,"15, 000",ปริญญาตรี,การจัดการโลจิสติกส์,มหาวิทยาลัยราชพฤกษ์ (วิทยาเขตนนทบุรี),"contact, ฝึกงาน, ฝึกงาน",20 ต.ค. 68,"https://www3.jobthai.com/resume/0,6320825.html"
50,7993972,100%,26 ปี,"SEO specialists, Ecommerce, Marketing",กรุงเทพมหานคร,"28, 000-35, 000",ปริญญาตรี,General Management,University of Nebraska-Lincoln (USA),"Associate E-Commerce Operation, Executive Categorization and QC, Patient Care Coordinator II",20 ต.ค. 68,"https://www3.jobthai.com/resume/0,7993972.html"
51,2944463,100%,37 ปี,"system engineer, Programmer, Infrastructure, C#, VB.net ASP.Net + RPG/400",ปราจีนบุรี,ตามโครงสร้างบริษัท,ปริญญาตรี,วิศวกรรมคอมพิวเตอร์,มหาวิทยาลัยเทคโนโลยีมหานคร,"System Analyst, Chief, Technical Consultant, เจ้าหน้าที่เทคโนโลยีสารสนเทศ",20 ต.ค. 68,"https://www3.jobthai.com/resume/0,2944463.html"
52,2372234,100%,38 ปี,"IT Office, เจ้าหน้าที่ธุรการ, ฝ่ายบุคคล",สระบุรี,ตามโครงสร้างบริษัท,ปริญญาตรี,เทคโนโลยีสารสนเทศ,มหาวิทยาลัยเทคโนโลยีพระจอมเกล้าพระนครเหนือ,"IT office และ ธุรการบุคคล, IT Staff (Contract 1 Year/ ERP Implement project), IT Support, Document control, นักศึกษาฝึกงาน",20 ต.ค. 68,"https://www3.jobthai.com/resume/0,2372234.html"
53,9104804,90%,22 ปี,IT Support,สตูล,"15, 000++",ปริญญาตรี,ระบบสารสนเทศธุรกิจดิจิทัล,มหาวิทยาลัยเทคโนโลยีราชมงคลศรีวิชัย สงขลา,IT Support,20 ต.ค. 68,"https://www3.jobthai.com/resume/0,9104804.html"
54,2349940,95%,42 ปี,"IT Manager, Agricultural Robotics Engineer, Industrial Automation Engineer",นครปฐม,"70, 000",ปริญญาตรี,คอมพิวเตอร์ธุรกิจ,มหาวิทยาลัยธนบุรี,"หัวหน้าส่วน PM, SIT (รักษาการณ์ IT Manager), System Admin, System Admin, เจ้าหน้าที่ ไอที",20 ต.ค. 68,"https://www3.jobthai.com/resume/0,2349940.html"
55,5850232,100%,32 ปี,"IT Support, Business Analyst, Personal Assistant",ฉะเชิงเทรา,"23, 000-25, 000",ปริญญาตรี,เทคโนโลยีสารสนเทศและการศึกษา,มหาวิทยาลัยราชภัฏราชนครินทร์,"เจ้าหน้าที่บำรุงรักษาอุปกรณ์ต่อพ่วงและพัฒนาระบบเทคโนโลยีสารสนเทศ, it support, it support, เจ้าหน้าที่สารสนเทศ",20 ต.ค. 68,"https://www3.jobthai.com/resume/0,5850232.html"
56,3744231,95%,37 ปี,"Programmer, System analysis and design",สมุทรปราการ,"70, 000+",ปริญญาตรี,Information Technology,Kasetsart University,"PL/SQL developer, Senior System Developer, Application Developer, Analyst II, Programmer",20 ต.ค. 68,"https://www3.jobthai.com/resume/0,3744231.html"
57,6882277,95%,28 ปี,"Data analyst, Data science, Data Engineering",กรุงเทพมหานคร,"30, 000+",ปริญญาโท,ปัญญาประดิษฐ์เพื่อการวิเคราะห์เชิงธุรกิจ,สถาบันเทคโนโลยีพระจอมเกล้าเจ้าคุณทหารลาดกระบัง,"Assistant Merchandise Manager, เจ้าหน้าที่ฝ่ายประกันคุณภาพอาหาร, พนักงานขาย, พนักงานออกบูธสินค้า, operator",20 ต.ค. 68,"https://www3.jobthai.com/resume/0,6882277.html"
58,8322339,100%,26 ปี,"IT HelpDesk, Technical Support, IT SUPPORT",กรุงเทพมหานคร,"19, 750",ปริญญาตรี,เทคโนโลยีสารสนเทศและการสื่อสาร,มหาวิทยาลัยราชภัฏเชียงใหม่,"Stand by technician ฝ่าย Front Service (สภากาชาดไทย), IT Support (นักศึกษาสหกิจศึกษา)",20 ต.ค. 68,"https://www3.jobthai.com/resume/0,8322339.html"
59,8217326,100%,27 ปี,it support,กรุงเทพมหานคร,"22, 000",ปริญญาตรี,IT,มหาวิทยาลัยกรุงเทพสุวรรณภูมิ,"it support, onsite",20 ต.ค. 68,"https://www3.jobthai.com/resume/0,8217326.html"
60,5573966,100%,35 ปี,"IT Support, IT Service Support, IT Operation Support, IT Application Support, IT Infrastructure, Network Engineering, System Engineer, Project Engineering",นนทบุรี,"27, 000-30, 000",ปริญญาตรี,วิศวกรรมคอมพิวเตอร์,มหาวิทยาลัยเทคโนโลยีราชมงคลอีสาน วิทยาเขตขอนแก่น,"Project Engineer, IT Services Support ภายในโรงพยาบาลพริ้นซ์ สกลนคร, IT Operation & Support ภายในโรงพยาบาลกรุงเทพอุดร, เจ้าหน้าที่คอมพิวเตอร์ (IT Support), CM Representative ฝ่าย Installation & Repair Quality Assurance 2",20 ต.ค. 68,"https://www3.jobthai.com/resume/0,5573966.html"
61,9095256,90%,24 ปี,"ITit support & help desk, ธุรการฝ่ายผลิค, office",สมุทรปราการ,-,ปวช.,ึคอมพิวเตอร์ธุรกิจ,วิทยาลัยเทคโนโลยีภาคตะวันออก (อี.เทค),IT,20 ต.ค. 68,"https://www3.jobthai.com/resume/0,9095256.html"
62,8097243,100%,26 ปี,"IT Support, Tester, อื่นๆ",กรุงเทพมหานคร,ตามตกลง,ปริญญาตรี,ระบบสารสนเทศ กลุ่มวิชา พัฒนาซอฟแวร์,มหาวิทยาลัยเทคโนโลยีราชมงคลพระนคร วิทยาเขตพณิชยการพระนคร,IT Technical support,20 ต.ค. 68,"https://www3.jobthai.com/resume/0,8097243.html"
63,8659440,95%,23 ปี,"System Engineer, Business Analyst, Network Engineer",สมุทรปราการ,"22, 000",ปริญญาตรี,ไฟฟ้าสื่อสารและอิเล็กทรอนิกส์,มหาวิทยาลัยเทคโนโลยีพระจอมเกล้าธนบุรี,"System Engineer – Incident, LED Product Support (IoT)",20 ต.ค. 68,"https://www3.jobthai.com/resume/0,8659440.html"
64,9103689,95%,25 ปี,"Software Engineer, Full Stack Developer, Frontend Developer",กรุงเทพมหานคร,"22, 000",ปริญญาตรี,สารสนเทศศึกษา,มหาวิทยาลัยเชียงใหม่,IT Support,20 ต.ค. 68,"https://www3.jobthai.com/resume/0,9103689.html"
65,8511975,90%,23 ปี,"Tester, Developer, Automate",นนทบุรี,"25, 000",ปริญญาตรี,หุ่นยนต์และระบบอัตโนมัติ,สถาบันการจัดการปัญญาภิวัฒน์,"RPA Developer Intern, RPA Developer Intern",20 ต.ค. 68,"https://www3.jobthai.com/resume/0,8511975.html"
66,6530676,100%,30 ปี,"Front-End Developer, Web Developer, Web Master",กรุงเทพมหานคร,"32, 000",ปริญญาตรี,เทคโนโลยีสารสนเทศ,มหาวิทยาลัยเทคโนโลยีสุรนารี,"Webmaster (Temporary), Front End Web Developer (Outsources), Front-end Developer, HTML Developer, ฝึกงาน / สหกิจ",20 ต.ค. 68,"https://www3.jobthai.com/resume/0,6530676.html"
67,8363481,75%,23 ปี,"Data Analyst, Data Scientist, Business Analyst",กรุงเทพมหานคร,-,ปริญญาตรี,เศรษฐศาสตร์และการลงทุน,มหาวิทยาลัยกรุงเทพ วิทยาเขตรังสิต,-,20 ต.ค. 68,"https://www3.jobthai.com/resume/0,8363481.html"
68,8892791,100%,27 ปี,"พนักงานประจำ, พนักงานออฟฟิศ, พนักงานบริการ",นนทบุรี,"15, 000-18, 000",ปริญญาตรี,เทคโนโลยีสารสนเทศ,มหาวิทยาลัยราชพฤกษ์,"เจ้าพนักงานธุรการปฏิบัติงาน, เจ้าหน้าที่ไอที, นักศึกษาฝึกงาน, นักศึกษาฝึกงาน",20 ต.ค. 68,"https://www3.jobthai.com/resume/0,8892791.html"
69,7772794,100%,32 ปี,"SA/BA, Developer/Programmer",ปทุมธานี,"38, 000",ปริญญาโท,เทคโนโลยีสารสนเทศและการสื่อสาร,มหาวิทยาลัยสุโขทัยธรรมาธิราช,"Programer/BA, SA, Developer, Programmer",20 ต.ค. 68,"https://www3.jobthai.com/resume/0,7772794.html"
70,3673305,100%,34 ปี,"เจ้าหน้าที่คอมพิวเตอร์, It Support",กรุงเทพมหานคร,"24, 000",ปริญญาตรี,คอมพิวเตอร์ธุรกิจ,มหาวิทยาลัยธนบุรี,"IT, ธุรการ คลังสินค้า, ช่างคอมพิวเตอร์",20 ต.ค. 68,"https://www3.jobthai.com/resume/0,3673305.html"
71,2375596,100%,40 ปี,"it support, help desk, system admin",เพชรบุรี,"30, 000-40, 000",ปริญญาตรี,เทคโนโลยีสารสนเทศ,มหาวิทยาลัยราชภัฏเพชรบุรี,"System Administrator, Technical Support",20 ต.ค. 68,"https://www3.jobthai.com/resume/0,2375596.html"
72,6927134,100%,27 ปี,"พนักงาน IT support, ธุรการ",ชลบุรี,"18, 000",ปวส.,คอมพิวเตอร์ธุรกิจ,วิทยาลัยเทคโนโลยีเมืองชลบริหารธุรกิจ,"เจ้าหน้าที่ Desktop on site, IT SUPPORT, เจ้าหน้าที่ IT Support",20 ต.ค. 68,"https://www3.jobthai.com/resume/0,6927134.html"
73,8466496,100%,24 ปี,"Data Analyst, Developer, Programmer",กรุงเทพมหานคร,"20, 000",ปริญญาตรี,ปัญญาประดิษฐ์ประยุกต์และเทคโนโลยีอัจฉริยะ,มหาวิทยาลัยบูรพา,"Programmer, Data Analyst - Intern",20 ต.ค. 68,"https://www3.jobthai.com/resume/0,8466496.html"
74,8770768,100%,23 ปี,"Game Developer, Graphic Engineer, Software Engineer",กรุงเทพมหานคร,"35, 000",ปริญญาตรี,Real Time Interactive Simulation,Digipen Institute of Technology,"Gameplay/Network Developer, Unity Developer, Software Programmer",20 ต.ค. 68,"https://www3.jobthai.com/resume/0,8770768.html"
75,7957229,90%,24 ปี,"IT Support, ช่างซ่อมบำรุงคอมพิวดตอร์, เจ้าหน้าที่ IT",นครสวรรค์,-,ปวส.,แผนกวิชาช่างเมคคาทรอนิกส์และหุ่นยนต์,วิทยาลัยเทคนิคนครสวรรค์,"setup technician, นักศึกษาฝึกงาน, นักศึกษาฝึกงาน",20 ต.ค. 68,"https://www3.jobthai.com/resume/0,7957229.html"
76,6888826,100%,37 ปี,"IT, Electrician, Network",ระยอง,"25, 000-39, 000",ปริญญาตรี,Information technology,Bangkok Thonburi University,"it systems engineer, IT Engineer, it support Network, engineer, IT, It support technician",20 ต.ค. 68,"https://www3.jobthai.com/resume/0,6888826.html"
77,2399158,100%,43 ปี,"Project Manager, SA, It manager",กรุงเทพมหานคร,"75, 000 หรือ ตามตกลง",ปริญญาตรี,คอมพิวเตอร์ธุรกิจ,ราชภัฏสวนดุสิต,"Project Manager, Project Manager, IT & web programmer, IT & web programmer, IT & web programmer",20 ต.ค. 68,"https://www3.jobthai.com/resume/0,2399158.html"
78,8818097,100%,22 ปี,"AI, Java Developer, Full Stack Developer",สมุทรสาคร,"18, 000-23, 000",ปริญญาตรี,วิทยาการคอมพิวเตอร์,มหาวิทยาลัยเทคโนโลยีราชมงคลกรุงเทพ,data science,20 ต.ค. 68,"https://www3.jobthai.com/resume/0,8818097.html"
79,8328404,100%,24 ปี,"๊UX/UI, Fronted Dev, IT Support",ปราจีนบุรี,ตามโครงสร้างบริษัท,ปริญญาตรี,วิศวกรรมคอมพิวเตอร์,มหาวิทยาลัยแม่ฟ้าหลวง,Frontend & API Developer,20 ต.ค. 68,"https://www3.jobthai.com/resume/0,8328404.html"
80,8857693,100%,22 ปี,"IT Support, Network engineer",กระบี่,"18, 000",ปริญญาตรี,วิศวกรรมไฟฟ้าสื่อสาร,มหาวิทยาลัยสงขลานครินทร์ วิทยาเขตหาดใหญ่,งานระบบสื่อสัญญาณ การกำลังและอาคาร,20 ต.ค. 68,"https://www3.jobthai.com/resume/0,8857693.html"
81,8662846,100%,22 ปี,"IT Support, Web Developer, UX/UI design",นนทบุรี,"20, 000",ปริญญาตรี,เทคโนโลยีสารสนเทศ,มหาวิทยาลัยเกษตรศาสตร์ วิทยาเขตกำแพงแสน,Web Developer,20 ต.ค. 68,"https://www3.jobthai.com/resume/0,8662846.html"
82,9105553,100%,23 ปี,ช่างประกอบคอมพิวเตอร์,กรุงเทพมหานคร,"15, 000",ปวส.,ดิจิทัลกราฟิก,วิทยาลัยอาชีวศึกษาอุบลราชธานี,"แอดมิน, พนักงานสโตร์, เจ้าหน้าที่จัดซื้อ",20 ต.ค. 68,"https://www3.jobthai.com/resume/0,9105553.html"
83,9082228,85%,20 ปี,"Data analysis, Frontend developer, IT Support",ระยอง,"4, 000",ปริญญาตรี,คอมพิวเตอร์ธุรกิจ,มหาวิทยาลัยเทคโนโลยีพระจอมเกล้าพระนครเหนือ วิทยาเขตระยอง,-,20 ต.ค. 68,"https://www3.jobthai.com/resume/0,9082228.html"
84,3818529,95%,34 ปี,"เจ้าหน้าที่ไอที, เจ้าหน้าที่ธุรการ",ภูเก็ต,"15, 000",ปริญญาตรี,วิทยาการคอมพิวเตอร์,มหาวิทยาลัยราชภัฏอุดรธานี,"Service advisor, แคชเชียร์, Social Admin, พนักงานตรวจสอบ, ธุรการขาย",20 ต.ค. 68,"https://www3.jobthai.com/resume/0,3818529.html"
85,7628838,100%,27 ปี,"AI Engineer, data analyst, Programmer",กรุงเทพมหานคร,"30, 000",ปริญญาตรี,วิทยาการคอมพิวเตอร์,เทคโนโลยีเจ้าคุณทหารลาดกระบัง,Senior Software Engineer,20 ต.ค. 68,"https://www3.jobthai.com/resume/0,7628838.html"
86,7062746,100%,25 ปี,"IT Support / MIS, ธุรการ/การจัดการทั่วไป/ป้อนข้อมูล, ตรวจสอบคุณภาพ /QC, ประกันคุณภาพ QA Office",ชลบุรี,"20, 000",ปวส.,คอมพิวเตอร์ธุรกิจ,วิทยาลัยภาคตะวันออก อี.เทค,"IT/MIS, IT Officer, Sale/Marketing, MIS/IT Officer",20 ต.ค. 68,"https://www3.jobthai.com/resume/0,7062746.html"
87,9100968,100%,26 ปี,"System Engineer, Software Tester, Application Support / Technical Support / IT Support",กรุงเทพมหานคร,"25, 000-32, 000",ปริญญาตรี,คอมพิวเตอร์ธุรกิจ,มหาวิทยาลัยราชภัฏอุตรดิตถ์,"it support, Application Consultant",20 ต.ค. 68,"https://www3.jobthai.com/resume/0,9100968.html"
88,8923528,95%,22 ปี,"เจ้าหน้าที่IT, เจ้าหน้าที่จัดการงานทั่วไป, งานธุรการ, tester",กรุงเทพมหานคร,-,ปริญญาตรี,วิทยาการคอมพิวเตอร์,มหาวิทยาลัยราชภัฏบ้านสมเด็จเจ้าพระยา,"พาร์ทไทม์, นักศึกษาฝึกงาน, พาร์ทไทม์",20 ต.ค. 68,"https://www3.jobthai.com/resume/0,8923528.html"
89,7135649,90%,28 ปี,"Business Analyst, Assistant PM/POSoftware Tester (Manual), Software Tester (Manual)",กาญจนบุรี,สามารถต่อรองได้,ปริญญาตรี,Industrial Chemistry,"King Mongkut’s Institute of Technology Ladkrabang, Bangkok","Business Analyst, Business Analyst",20 ต.ค. 68,"https://www3.jobthai.com/resume/0,7135649.html"
90,9099710,100%,23 ปี,software engineering,กรุงเทพมหานคร,"20, 000",ปริญญาตรี,ระบบควบคุมและเครื่องมือวัด,มหาวิทยาลัยเทคโนโลยีพระจอมเกล้าธนบุรี,Intern,20 ต.ค. 68,"https://www3.jobthai.com/resume/0,9099710.html"
91,3453725,100%,43 ปี,"IT Support, IT Officer, IT Network",สมุทรปราการ,"35, 000",ปริญญาตรี,วิทยาการคอมพิวเตอร์,มหาวิทยาลัยราชภัฏธนบุรี,"IT Support, web admin, Web Admin",20 ต.ค. 68,"https://www3.jobthai.com/resume/0,3453725.html"
92,6477528,90%,34 ปี,"Business Analyst, System Analyst, tester / QA",กรุงเทพมหานคร,-,ปริญญาโท,เทคโนโลยีสารสนเทศ,มหาวิทยาลัยพระจอมเกล้าพระนครเหนือ,"Business Analyst IT(contract), Business Analyst IT (contract), Business Analyst & Systems Analyst (contract), Business Analyst",20 ต.ค. 68,"https://www3.jobthai.com/resume/0,6477528.html"
93,9104939,100%,27 ปี,พนักงานขาย,ลพบุรี,"10, 200",ปวส.,คอมพิวเตอร์ธุรกิจ,วิทยาลัยเทคโนโลยีชัยบาดาล,"พนักงานธุรการ, นักศึกษาฝึกงาน",20 ต.ค. 68,"https://www3.jobthai.com/resume/0,9104939.html"
94,5948350,100%,32 ปี,"IT Support, Help Desk, POS Support",กรุงเทพมหานคร,"35, 000-38, 000",ปริญญาตรี,คอมพิวเตอร์ธุรกิจ,มหาวิทยาลัยราชพฤกษ์,"Senior IT Support, IT Support / POS Support, IT Support (ประจำสำนักงานใหญ่), IT Support (ประจำสำนักงานใหญ่), IT Support (ประจำสำนักงานใหญ่)",20 ต.ค. 68,"https://www3.jobthai.com/resume/0,5948350.html"
95,8381041,100%,24 ปี,"วิศวกรอิเล็กทรอนิกส์, Quality Control Engineer, Network Operation Center",ชลบุรี,"18, 000 - 20, 000",ปริญญาตรี,วิศวกรรมไฟฟ้าและอิเล็กทรอนิกส์,มหาวิทยาลัยเกษตรศาสตร์ วิทยาเขตศรีราชา,"นักเผยแพร่ประชาสัมพันธ์, Facility Operation Center",20 ต.ค. 68,"https://www3.jobthai.com/resume/0,8381041.html"
96,9095599,90%,23 ปี,"Web Developer, Full Stack Developer, Mobile Developer",เชียงใหม่,-,ปริญญาตรี,เทคโนโลยีสารสนเทศ,มหาวิทยาลัยแม่โจ้,Full Stack Developer,20 ต.ค. 68,"https://www3.jobthai.com/resume/0,9095599.html"
97,8906725,90%,23 ปี,IT,ชลบุรี,"15, 000",ปวส.,ธุรกิจดิจิทัล,วิทยาลัยเทคนิคสว่างแดนดิน,"SMT, operator",20 ต.ค. 68,"https://www3.jobthai.com/resume/0,8906725.html"
98,8943711,100%,34 ปี,"เจ้าหน้าที่ธุรการ, Admin, IT Support",กรุงเทพมหานคร,"24, 000",ปริญญาตรี,วิทยาการคอมพิวเตอร์,มหาวิทยาลัยราชภัฏเลย,"Admin Support, เจ้าหน้าที่",20 ต.ค. 68,"https://www3.jobthai.com/resume/0,8943711.html"
99,2075610,100%,38 ปี,"System administrator, IT Administrator, IT Officer (Infrastructure), บริษัท IT ประเภท สัญญาจ้าง ""ขออนุญาติไม่รับงาน"" งดติดต่อ",กรุงเทพมหานคร,"40, 000-50, 000",ปริญญาตรี,วิทยาการเเละเทคโนโลยีสารสนเทศ,มหาวิทยาลัยเทคโนโลยีมหานคร,"System admin and Support Manager, Solution Engineer, Security Consultant, IT Support Supervisor, IT support",20 ต.ค. 68,"https://www3.jobthai.com/resume/0,2075610.html"
100,8535545,100%,29 ปี,"พนักงานคีย์ข้อมูล, พนักงาน IT, พนักงานธุรการบริหารงานทั่วไป",กระบี่,"13, 000",ปริญญาตรี,คอมพิวเตอร์ธุรกิจ,มหาวิทยาลัยราชภัฏสงขลา,"IT Support Office และแอดมินและแอดมิน, พนักงานธุรการ",20 ต.ค. 68,"https://www3.jobthai.com/resume/0,8535545.html"
101,8908552,100%,20 ปี,"IT Supports, ผลิต, ช่างเทคนิค",ระยอง,"15, 500",ปวส.,เทคโนโลยีคอมพิวเตอร์,วิทยาลัยเทคนิคกาฬสินธุ์,"it supports, ผู้ช่วยช่าง",20 ต.ค. 68,"https://www3.jobthai.com/resume/0,8908552.html"
102,8772507,100%,23 ปี,"software developer, Business analysts, front end developer",สุราษฎร์ธานี,"20, 000 ++",ปริญญาตรี,computer,Prince of Songkla University Hat Yai Campus,IT developer (internship ),20 ต.ค. 68,"https://www3.jobthai.com/resume/0,8772507.html"
103,5978787,100%,31 ปี,"IT Operation, Support, Operation",กรุงเทพมหานคร,"35, 000",ปริญญาตรี,ระบบสารสนเทศ,มหาวิทยาลัยเทคโนโลยีราชมงคลกรุงเทพ,"IT Operation, IT Operation, ฝึกงาน, ฝึกงาน",20 ต.ค. 68,"https://www3.jobthai.com/resume/0,5978787.html"
104,9102142,80%,25 ปี,"Data engineer, Data scientist, AI engineer",กรุงเทพมหานคร,-,ปริญญาตรี,วิทยาการคอมพิวเตอร์,มหาวิทยาลัยเทคโนโลยีพระจอมเกล้าธนบุรี,Data engineer,20 ต.ค. 68,"https://www3.jobthai.com/resume/0,9102142.html"
105,9104564,100%,25 ปี,"Network Administrator, IT infrastructure",ชลบุรี,"13, 500",ปริญญาตรี,เทคโนโลยีสารสนเทศและการสื่อสาร,มหาวิทยาลัยศรีปทุม ชลบุรี,"staff, Warehoust staff",20 ต.ค. 68,"https://www3.jobthai.com/resume/0,9104564.html"
106,9102813,95%,42 ปี,"IT Support, Network Support",ปทุมธานี,"20, 000",ปริญญาตรี,ระบบสารสนเทศ,มหาวิทยาลัยเทคโนโลยีราชมงคลธัญบุรี,"นักวิชาการสหกรณ์ปฏิบัติการ, หัวหน้าแผนกคอมพิวเตอร์",20 ต.ค. 68,"https://www3.jobthai.com/resume/0,9102813.html"
107,9092624,95%,26 ปี,"ช่างปรับฉีดพลาสติก, หลีดเดอร์",ปทุมธานี,"16, 000",มัธยมศึกษาตอนปลาย,,สกร.ระดับเมืองปทุมธานี,ช่างปรับฉีด,20 ต.ค. 68,"https://www3.jobthai.com/resume/0,9092624.html"
108,8451401,100%,25 ปี,"it support, application support",ระยอง,"16, 000",ปริญญาตรี,คอมพิวเตอร์,มหาวิทยาลัยเอเชียอาคเนย์,IT support (ฝึกงาน),20 ต.ค. 68,"https://www3.jobthai.com/resume/0,8451401.html"
109,9105377,90%,22 ปี,ช่าง,ลำปาง,"13, 000-15, 000",ปวส.,เทคโนโลยีคอมพิวเตอร์ฮาร์ดแวร์,วิทยาลัยเทคนิคลำปาง,"คุมเครื่องจักร, ช่างซ่อมบำรุง",20 ต.ค. 68,"https://www3.jobthai.com/resume/0,9105377.html"
110,9105355,75%,22 ปี,it support,ชลบุรี,"18, 000",ปริญญาตรี,เทคโนโลยีสารสนเทศ,มหาวิทยาลัยเกษตรศาสตร์ วิทยาเขตศรีราชา,-,20 ต.ค. 68,"https://www3.jobthai.com/resume/0,9105355.html"
111,9062303,100%,21 ปี,"ไฟฟ้า, อิเล็กทรอนิกส์, คอมพิวเตอร์",เลย,"20, 000-30, 000",ปวส.,ไฟฟ้ากำลัง,วิทยาลัยการอาชีพด่านซ้าย,"QC, QC",20 ต.ค. 68,"https://www3.jobthai.com/resume/0,9062303.html"
112,9000077,100%,26 ปี,"HR, IT, ธุรการ",ชลบุรี,"12, 000",ปริญญาตรี,เทคโนโลยีสารสนเทศและการสื่อสาร,มหาวิทยาลัยศรีปทุม ชลบุรี,"ประสานงาน, HR",20 ต.ค. 68,"https://www3.jobthai.com/resume/0,9000077.html"
113,9105585,95%,21 ปี,เกี่ยวกับคอมพิวเตอร์,ระยอง,"15, 000+",ปวช.,คอมพิวเตอร์ธุรกิจ,วิทยาลัยเทคโนโลยีไออาร์พีซี,จัดออเดอร์,20 ต.ค. 68,"https://www3.jobthai.com/resume/0,9105585.html"
114,8807113,95%,25 ปี,"Developer, Programmer",สมุทรปราการ,"40, 000",ปริญญาตรี,เทคโนโลยีสารสนเทศ,มหาวิทยาลัยมหาสารคาม,"Software Developer, IT Support (SI), ผู้ช่วยวิศวกรเครือข่าย",20 ต.ค. 68,"https://www3.jobthai.com/resume/0,8807113.html"
115,2138425,100%,43 ปี,"System Admin, IT Infrastructure, IT Support",ปทุมธานี,"45, 000",ปริญญาตรี,เทคโนโลยีสารสนเทศเพื่ออุตสาหกรรม,สถาบันเทคโนโลยีพระจอมเกล้าพระนครเหนือ,"หัวหน้าส่วนคอมพิวเตอร์และเครือข่าย, System Engineer, System Support, Programmer, IT Support",20 ต.ค. 68,"https://www3.jobthai.com/resume/0,2138425.html"
116,5387734,95%,33 ปี,"IT support/programer, ช่างคอม hard ware software, ออกแบบgraphic design/video editor/photograph",นครปฐม,ตามตกลง,ปริญญาตรี,เทคโนโลยีสารสนเทศมัลติมีเดีย,มหาวิทยาลัยราชภัฏนครปฐม,"Software Engineer (Full Stack), IT Support, IT Support/Video Editor, Admin / Web Design / IT Support, เจ้าหน้าที่ตัดต่อ",20 ต.ค. 68,"https://www3.jobthai.com/resume/0,5387734.html"
117,1370538,100%,42 ปี,"IT Manager, Head of it, IT Director",ปทุมธานี,"120, 000 ขึ้นไป หรอืแล้วแต่ตกลง+Benefits",ปริญญาตรี,คอมพิวเตอร์ธุรกิจ,มหาวิทยาลัยศรีปทุม,"IT Specialist Manager(Head of it hotel group), Lead Enterprise Architect & IT Consultant - Government Projects, IT Manager, IT Site Engineer",20 ต.ค. 68,"https://www3.jobthai.com/resume/0,1370538.html"
118,8995099,90%,23 ปี,"IT support, Front End Developer, Data Analyst",นครศรีธรรมราช,"15, 000 - 25, 000",ปริญญาตรี,วิศวกรรมคอมพิวเตอร์,สถาบันเทคโนโลยีพระจอมเกล้าเจ้าคุณทหารลาดกระบัง วิทยาเขตชุมพรเขตรอุดมศักดิ์ จังหวัดชุมพร,"เจ้าหน้าที่ดูแลร้าน, นักศึกษาฝึกงาน",20 ต.ค. 68,"https://www3.jobthai.com/resume/0,8995099.html"
119,8922519,100%,22 ปี,"Full Stack Developer, Front End Developer",ชลบุรี,"25, 000",ปริญญาตรี,ปัญญาประดิษฐ์ประยุกต์และเทคโนโลยีอัจฉริยะ,มหาวิทยาลัยบูรพา,Data A﻿nalyst,20 ต.ค. 68,"https://www3.jobthai.com/resume/0,8922519.html"
120,9096780,100%,30 ปี,"editor, any assistance manager, any administrator",กรุงเทพมหานคร,"20, 000-25, 000",มัธยมศึกษาตอนต้น,,sarasas wited bangbon school,"Live stream control, Jr.Editor, DC Officer",20 ต.ค. 68,"https://www3.jobthai.com/resume/0,9096780.html"
121,9099010,100%,24 ปี,"Mid Level Web Developer, Backend Developer, Frontend Developer",เชียงราย,"38, 000",ปวส.,เทคโนโลยีสารสนเทศ,วิทยาลัยอาชีวศึกษาเชียงราย,"Lead, Junior Developer",20 ต.ค. 68,"https://www3.jobthai.com/resume/0,9099010.html"
122,7781482,100%,25 ปี,"IT Support & Helpdesk, technician computer, Consult Program",ระยอง,ตามโครงสร้างบริษัท,อนุปริญญา,เทคโนโลยีสารสนเทศและการสื่อสาร,วิทยาลัยเทคนิคระยอง,"IT consult Support and technician, IT support, IT support",20 ต.ค. 68,"https://www3.jobthai.com/resume/0,7781482.html"
123,8743755,100%,32 ปี,"IT Support, Helpdesk, ธุรการ, พนักงาน Parttime",สมุทรปราการ,ตามตกลง,มัธยมศึกษาตอนปลาย,,โรงเรียนศีขรภูมิพิสัย,"IT Desktop Support, IT Helpdesk",20 ต.ค. 68,"https://www3.jobthai.com/resume/0,8743755.html"
124,7197831,95%,28 ปี,"Business Analyst, IT Recruiter",กรุงเทพมหานคร,-,ปริญญาโท,เทคโนโลยีสารสนเทศ,มหาวิทยาลัยเทคโนโลยีพระจอมเกล้าธนบุรี,"Senior HR Assistant, พนักงานบริหารงานทั่วไป, Medical Record",20 ต.ค. 68,"https://www3.jobthai.com/resume/0,7197831.html"
125,7461222,90%,38 ปี,"it, QC, admin",กรุงเทพมหานคร,"30, 000-40, 000",ปริญญาตรี,วิทยาการคอมพิวเตอร์,มหาวิทยาลัยราชภัฏพระนคร,"Channel Product & Customer Experience, พนักงาน Part Time สินค้าอิเลิกทรอนิก โน็ตบุ๊ค มือถือ, นักศึกษาฝึกงานผู้ตรวจสอบและแก้ไขปัญหาเบื้องต้นของระบบเครือข่ายไปรษณีย์ Online, พนักงานผู้ช่วยส่งสมุดหน้าเหลือง Part Time, พนักงาน",20 ต.ค. 68,"https://www3.jobthai.com/resume/0,7461222.html"
126,2573445,100%,38 ปี,"IT manager, System admin, System engineer",กรุงเทพมหานคร,"60, 000",ปริญญาตรี,ระบบสารสนเทศทางคอมพิวเตอร์,มหาวิทยาลัยเทคโนโลยีราชมงคลธัญบุรี,"IT Department Manager, SR.Payment Gatway System admin, IT Section manager, TechnTechnician Support and System Administrator, IT support",20 ต.ค. 68,"https://www3.jobthai.com/resume/0,2573445.html"
127,9057803,95%,23 ปี,"IT / Software Developer, Web Content / Digital Content Creator",กรุงเทพมหานคร,-,ปริญญาตรี,ปิโตรเคมีและวัสดุพอลิเมอร์,มหาวิทยาลัยศิลปากร วิทยาเขตพระราชวังสนามจันทร์,นักวิเคราะห์นโยบายและแผน,20 ต.ค. 68,"https://www3.jobthai.com/resume/0,9057803.html"
128,9105519,100%,22 ปี,"วิศวะอิเล็กทรอนิก/คอมพิวเตอร์, Data Visualitation",ลพบุรี,"20, 000",ปริญญาตรี,เทคโนโลยีคอมพิวเตอร์,มหาวิทยาลัยเทคโนโลยีพระจอมเกล้าพระนครเหนือ,"ครูฝึกสอน, ช่างเทคนิค",20 ต.ค. 68,"https://www3.jobthai.com/resume/0,9105519.html"
129,8408334,100%,24 ปี,IT Support,กรุงเทพมหานคร,"19, 000",ปวช.,เทคโนโลยีสารสนเทศ,วิทยาลัยเทคนิคลำปาง,"IT Support, IT Support, IT Support",20 ต.ค. 68,"https://www3.jobthai.com/resume/0,8408334.html"
130,5971860,100%,32 ปี,"It Support, Technician Support, IT Admin",กรุงเทพมหานคร,"29, 000",ปริญญาตรี,คอมพิวเตอร์ธุรกิจ,มหาวิทยาลัยศรีปทุม,"IT Support, Technician Field Service, Help Desk",20 ต.ค. 68,"https://www3.jobthai.com/resume/0,5971860.html"
131,8505898,100%,23 ปี,"Programmer (PHP, C#, dotnet Net V.7 +, Asp.net Core MVC), Database Administrator, It support",ปทุมธานี,"19, 000-25, 000",ปริญญาตรี,เทคโนโลยีสารสนเทศ,มหาวิทยาลัยราชภัฏวไลยอลงกรณ์ ในพระบรมราชูปถัมภ์,"Programmer&IT Support, Programmer, พนักงานเคาน์เตอร์ คีย์ข้อมูลลงระบบ",20 ต.ค. 68,"https://www3.jobthai.com/resume/0,8505898.html"
132,6447833,100%,30 ปี,"Fullstack Developer, Back end Developer, Programmer",ปทุมธานี,"35, 000",ปริญญาตรี,ธุรกิจการเกษตร,เกษตรศาสตร์มหาวิทยาลัย,"Junior Backend Developer, Backend Developer, เจ้าหน้าที่บริหารงานบุคคล",20 ต.ค. 68,"https://www3.jobthai.com/resume/0,6447833.html"
133,5336641,100%,32 ปี,"Web Programmer, Software Developer",ร้อยเอ็ด,"40, 000-60, 000",ปริญญาตรี,คอมพิวเตอร์ธุรกิจ,มหาวิทยาลัยมหาสารคาม,"senior software developer, Web Programmer/Programmer",20 ต.ค. 68,"https://www3.jobthai.com/resume/0,5336641.html"
134,5752282,100%,31 ปี,"HRIS, HR&GA, Assistant Manager, Senior HR Officer, IT Support, ขาย(freelance)",กรุงเทพมหานคร,"35, 000-38, 000",ปริญญาตรี,การจัดการทั่วไป,ม.มหิดล,"Senior Human Resources Officer, HRM, Recruit, Recruit, สรรหา-ว่าจ้าง",20 ต.ค. 68,"https://www3.jobthai.com/resume/0,5752282.html"
135,7828195,95%,26 ปี,"AI Engineer, Python Developer, IT",ชลบุรี,"25, 000-35, 000",ปริญญาตรี,คอมพิวเตอร์และสารสนเทศ,มหาวิทยาลัยเกษตรศาสตร์ วิทยาเขตศรีราชา,คุณครูสอนหุ่นยนต์,20 ต.ค. 68,"https://www3.jobthai.com/resume/0,7828195.html"
136,8532796,100%,31 ปี,"UX/UI Designer / Senior Graphic Designer, Senior Web Master/ Web Designer / WordPress / SEO, กุ๊ก/บาร์เทนเดอร์/บาริสต้า",กรุงเทพมหานคร,"31, 000",ปริญญาตรี,เทคโนโลยีสารสนเทศการศึกษา,มหาวิทยาลัยเทคโนโลยีราชมงคลธัญบุรี,"Senior Web Master, Graphic Design, UX/UI Designer, Web developer, กราฟิกดีไซน์/คอนเทนท์ครีเอเตอร์, กราฟิกดีไซน์",20 ต.ค. 68,"https://www3.jobthai.com/resume/0,8532796.html"
137,9105535,75%,36 ปี,"Infrastructure Architect, System Architect, Cloud Architect",กรุงเทพมหานคร,"140, 000",ปริญญาตรี,วิศวกรรมคอมพิวเตอร์,มหาวิทยาลัยเชียงใหม่,-,20 ต.ค. 68,"https://www3.jobthai.com/resume/0,9105535.html"
138,6638538,95%,29 ปี,"เจ้าหน้าที่ประสานงาน / Customer service., พนักงานคอมพิวเตอร์ / Com IT, แอดมิน / Support admin.",ขอนแก่น,"13, 000 ขึ้นไป",ปริญญาตรี,ระบบสารสนเทศ,มหาวิทยาลัยเทคโนโลยีราชมงคลอีสาน วิทยาเขตขอนแก่น,"Support Admin, Helpdesk/Callcenter, แอดมิน /ฝ่ายขาย, Sorter/คลังสินค้า, นักศึกษาฝึกงาน",20 ต.ค. 68,"https://www3.jobthai.com/resume/0,6638538.html"
139,8748095,90%,30 ปี,"developer full stack (WFH), (hybrid work), frontend developer (WFH), (hybrid work)",ปทุมธานี,"35, 000 - 40, 000",ปริญญาตรี,,มหาวิทยาลัยกรุงเทพ วิทยาเขตกล้วยน้ำไท,"developer fullstack, ผู้ช่วย ผจก.",20 ต.ค. 68,"https://www3.jobthai.com/resume/0,8748095.html"
140,7222859,95%,36 ปี,"เขียน โปรแกรม ap100, เขียน โปรแกรม trump, พนักงานคอมพิวเตอร์",ร้อยเอ็ด,"16, 000-18, 000",ปวส.,คอมพิวเตอร์ธุรกิจ,พานิชยการพลาญชัย ร้อยเอ็ด,เจ้าหน้าที่โปรแกรม,20 ต.ค. 68,"https://www3.jobthai.com/resume/0,7222859.html"
141,8794634,100%,25 ปี,"Research & Development Specialist / Packaging Supervisor, R&D Executive, กิจกรรมการตลาด",สมุทรปราการ,"18, 000-24, 000",ปริญญาตรี,การจัดการธุรกิจอาหาร,สถาบันการจัดการปัญญาภิวัฒน์,ผู้ช่วยผู้จัดการ,20 ต.ค. 68,"https://www3.jobthai.com/resume/0,8794634.html"
142,8221762,95%,24 ปี,"Full Stack developer, Software Developer",สกลนคร,"25, 000",ปริญญาตรี,วิทยาการคอมพิวเตอร์,มหาวิทยาลัยขอนแก่น,Programmer,20 ต.ค. 68,"https://www3.jobthai.com/resume/0,8221762.html"
143,9038202,100%,29 ปี,"BI Analyst, LMS Administrator, IT Support",กรุงเทพมหานคร,"30, 000 - 35, 000",ปริญญาตรี,สารสนเทศศึกษา,มหาวิทยาลัยบูรพา,"นักวิชาการศึกษา, วิศวกรผู้ช่วย, ช่างเทคนิคฝ่ายผลิต",20 ต.ค. 68,"https://www3.jobthai.com/resume/0,9038202.html"
144,8562652,100%,24 ปี,"Full Stack Developer / PHP Developer, IT Support, Web Design",พระนครศรีอยุธยา,"20, 000",ปริญญาตรี,ระบบสารสนเทศ,มหาวิทยาลัยเทคโนโลยีราชมงคลสุวรรณภูมิ ศูนย์พระนครศรีอยุธยา หันตรา,"PHP Programmer, Full Stack Developer / PHP Developer, IT Support / Web Programmer",20 ต.ค. 68,"https://www3.jobthai.com/resume/0,8562652.html"
145,7020415,100%,27 ปี,"Senior Security Engineer / Security Engineer, Senior Network Engineer / Network Engineer, Senior IT Engineer / IT Engineer",ปทุมธานี,"36, 000 - 55, 000",ปริญญาตรี,วิศวกรรมคอมพิวเตอร์,สถาบันการจัดการปัญาภิวัฒน์,"Senior System Engineer, Network Engineer, Security Engineer, System Engineer, นักศึกษาฝึกงาน",20 ต.ค. 68,"https://www3.jobthai.com/resume/0,7020415.html"
146,9067663,100%,22 ปี,"IT support, คอมพิวเตอร์",สกลนคร,"19, 000",ปริญญาตรี,วิทยาการคอมพิวเตอร์,มหาวิทยาลัยขอนแก่น,"เจ้าหน้าที่สนับสนุนไอที, ไอที",20 ต.ค. 68,"https://www3.jobthai.com/resume/0,9067663.html"
147,7575700,100%,28 ปี,"IT support, งานที่สามารถใช้วุฒิเข้าได้",ราชบุรี,"17, 000",ปริญญาตรี,เทคโนโลยีสารสนเทศ,มหาวิทยาลัยราชภัฏนครปฐม,"Barista, IT Support",20 ต.ค. 68,"https://www3.jobthai.com/resume/0,7575700.html"
148,5501842,100%,32 ปี,"ออกแบบผลิตภัณฑ์, กราฟิกดีไซน์, IT SUPPORT",ประจวบคีรีขันธ์,"20, 000-25, 000",ปริญญาตรี,คอมพิวเตอร์แอนิเมชั่น,มหาวิทยาลัยนานาชาติแสตมฟอร์ด(หัวหิน),"เจ้าหน้าที่ออกแบบผลิตภัณฑ์, เจ้าหน้าที่ IT Support, ช่างคอมพิวเตอร์",20 ต.ค. 68,"https://www3.jobthai.com/resume/0,5501842.html"
149,9014126,80%,29 ปี,"กราฟิกดีไซเนอร์, งานขาย, ผู้ช่วยผู้จัดการ",ปทุมธานี,"20, 000",ปริญญาตรี,ระบบสารสนเทศทางคอมพิวเตอร์,มหาวิทยาลัยเทคโนโลยีราชมงคลอีสาน วิทยาเขตสุรินทร์,-,20 ต.ค. 68,"https://www3.jobthai.com/resume/0,9014126.html"
150,5870192,100%,33 ปี,"IT Support, help desk",ชลบุรี,"17, 000",ปวส.,technology computer,วิทยาลัยเทคโนโลยีภาคตะวันออก อี.เทค,"IT Support, ไอทีสารสนเทศ, IT Support",20 ต.ค. 68,"https://www3.jobthai.com/resume/0,5870192.html"
151,7915903,100%,28 ปี,IT Support / Help Desk,สมุทรสาคร,"18, 000-22, 000",ปริญญาตรี,วิทยาการคอมพิวเตอร์,มหาวิทยาลัยราชภัฏสวนสุนันทา,"เจ้าหน้าที่ User Support, Staff-1 Administration Logistic Center, นักศึกษาฝึกงาน",20 ต.ค. 68,"https://www3.jobthai.com/resume/0,7915903.html"
152,6722770,100%,42 ปี,"CTO, IT DIRECTOR, IT Manager, MIS Manager, IT Project Manager, Project Manager, IT Security Manager, IT Senior Supervisor",กรุงเทพมหานคร,ตามตกลง,ปริญญาตรี,เทคโนโลยีสารสนเทศ,มหาวิทยาลัยเทคโนโลยราชมงคลธัญบุรี,"IT MANAGER, MIS MANAGER, IT Manager & Project Manager, IT Security Manager, DELL Technical Onsite Service",20 ต.ค. 68,"https://www3.jobthai.com/resume/0,6722770.html"
153,7648456,90%,31 ปี,"project coordinator, business analyst",กรุงเทพมหานคร,"30, 000",ปริญญาตรี,ออกแบบเว็บและสื่อโต้ตอบ,ศิลปากร,"Business Analysis and Project coodination, Project and Event coordinator, Design UX/UI, design and develop",20 ต.ค. 68,"https://www3.jobthai.com/resume/0,7648456.html"
154,5059920,95%,32 ปี,"IT Service/Network, เจ้าหน้าที่รับเคลมสินค้า, ทั่วๆไป สนใจงานตำแหน่งใหม่ๆ พร้อมเรียนรู้",กรุงเทพมหานคร,"22, 000",ปริญญาตรี,การจัดการเทคโนโลยีสารสนเทศ,มหาวิทยาลัยเทคโนโลยีราชมงคลรัตนโกสินทร์,"Dispatcher, After Service Testing Staff, QC part-time, พนักงานร้านกาแฟ, พนักงานห่อของขวัญ",20 ต.ค. 68,"https://www3.jobthai.com/resume/0,5059920.html"
155,6575031,95%,30 ปี,"IT Help Desk, IT Support, Team Lead",กรุงเทพมหานคร,"25, 000 - 35, 000",ปริญญาตรี,คอมพิวเตอร์ธุรกิจ,มหาวิทยาลัยศรีปทุม,"IT Support, ATM Monitoring / IT Help Desk, นักศึกษาสหกิจ/ฝึกงาน แผนก การขายตลาดระหว่างประเทศ, นักศึกษาฝึกงาน แผนก วางแผนธุรกิจ, นักศึกษาฝึกงาน แผนก บริการลูกค้าธุรกิจ",20 ต.ค. 68,"https://www3.jobthai.com/resume/0,6575031.html"
156,5957372,100%,31 ปี,"System Admin, Network Admin, IT Support",ปทุมธานี,"25, 000-30, 000",ปริญญาตรี,วิทยาการคอมพิวเตอร์,มหาวิทยาลัยสวนดุสิต,"IT Officer, IT Support, IT Support (ปฏิบัติงานโรงพยาบาลกรุงเทพ)",20 ต.ค. 68,"https://www3.jobthai.com/resume/0,5957372.html"
157,3763211,100%,35 ปี,"IT Application Support, IT Network, IT Network Security",สมุทรปราการ,"46, 000",ปริญญาตรี,คอมพิวเตอร์ธุรกิจ,มหาวิทยาลัยราชภัฏจันทรเกษม,"MIS IT Area, MIS IT Donjai, IT support, IT Support, cs ขาเข้า",20 ต.ค. 68,"https://www3.jobthai.com/resume/0,3763211.html"
158,8716541,100%,24 ปี,"IT Support, UX/UI Designer, QA Tester",น่าน,"18, 000",ปริญญาตรี,เทคโนโลยีสารสนเทศ,มหาวิทยาลัยราชภัฏอุตรดิตถ์,"เจ้าหน้าที่ประชาสัมพันธ์และ IT Support, เจ้าหน้าที่งานทะเบียน, ช่างเทคนิคคอมพิวเตอร์",20 ต.ค. 68,"https://www3.jobthai.com/resume/0,8716541.html"
159,7911239,75%,26 ปี,"IT Support, Editor, Sport Football",นนทบุรี,"21, 000",ปริญญาตรี,เทคโนโลยีสารสนเทศ,มหาวิทยาลัยนเรศวร,-,20 ต.ค. 68,"https://www3.jobthai.com/resume/0,7911239.html"
160,8911640,100%,23 ปี,"Progamer/BackEnd, Software tester",กรุงเทพมหานคร,"ไม่ต่ำกว่า 18, 000",ปริญญาตรี,เทคโนโลยีสารสนเทศ,มหาวิทยาลัยมหาสารคาม,Game Developer,20 ต.ค. 68,"https://www3.jobthai.com/resume/0,8911640.html"
161,8406382,95%,23 ปี,Front-End Developer,กรุงเทพมหานคร,"18, 000 - 20, 000",ปริญญาตรี,วิศวกรรมคอมพิวเตอร์และหุ่นยนต์,มหาวิทยาลัยกรุงเทพ วิทยาเขตรังสิต,ทีมพัฒนาซอฟต์แวร์,20 ต.ค. 68,"https://www3.jobthai.com/resume/0,8406382.html"
162,8974125,85%,35 ปี,"Product Owner, System Analysis, Develop",กรุงเทพมหานคร,"95, 000",ปริญญาตรี,คอมพิวเตอร์,มหาวิทยาลัยเกษมบัณฑิต วิทยาเขตพัฒนาการ,"Product Owner, Assist IT Managers + System Analyst, Senior Programmer, Programmer, Programmer",20 ต.ค. 68,"https://www3.jobthai.com/resume/0,8974125.html"
163,8739093,100%,26 ปี,"Front End Developer, Mobile Developer, Programmer",กรุงเทพมหานคร,"55, 000",ปริญญาตรี,อุตสาหการ,มหาวิทยาลัยบูรพา,"Front end developer, Full Stack Developer, Data Analysis",20 ต.ค. 68,"https://www3.jobthai.com/resume/0,8739093.html"
164,6562821,100%,31 ปี,"System Engineer, System Administrator",กรุงเทพมหานคร,"35, 000",ปริญญาตรี,เทคโนโลยีสารสนเทศ,มหาวิทยาลัยพะเยา,ITsupport,20 ต.ค. 68,"https://www3.jobthai.com/resume/0,6562821.html"
165,5788634,100%,41 ปี,"IT, เจ้าหน้าที่สารสนเทศ, Network Engineer",กรุงเทพมหานคร,"35, 000",ปริญญาตรี,คอมพิวเตอร์ธุรกิจ,มหาวิทยาลัยราชภัฏเพชรบูรณ์,"Senior it infrastructure, it officer infar, senior Network & Hardware, Technician",20 ต.ค. 68,"https://www3.jobthai.com/resume/0,5788634.html"
166,8589206,80%,24 ปี,"It support, Software tester",กรุงเทพมหานคร,"20, 000",ปริญญาตรี,วิทยาการคอมพิวเตอร์,มหาวิทยาลัยราชภัฏบุรีรัมย์,-,20 ต.ค. 68,"https://www3.jobthai.com/resume/0,8589206.html"
167,3278287,100%,33 ปี,"Assistant IT Manager, IT Suprevisor",กรุงเทพมหานคร,"42, 000",ปริญญาตรี,เทคโนโลยีคอมพิวเตอร์อุตสาหกรรม,มหาวิทยาลัยราชภัฎกาญจนบุรี,"Assistant IT Infrastructure Manager, IT Infrastructure and support, Infrastructure Analyst, IT Infrastructure, Technical specialist",20 ต.ค. 68,"https://www3.jobthai.com/resume/0,3278287.html"
168,7884674,100%,23 ปี,"งานธุรการ, ไอที ซัพพอร์ต",กรุงเทพมหานคร,"15, 000",ปริญญาตรี,เทคโนโลยีดิจิทัลทางธุรกิจ,มหาวิทยาลัยกรุงเทพสุวรรณภูมิ,"เจ้าหน้าที่ธุรการงานทั่วไป, เซลล์ขายอาหารทะเล, ธุรการฝ่ายขาย, พนักงานประจำร้าน, พนักงานประจำร้าน",20 ต.ค. 68,"https://www3.jobthai.com/resume/0,7884674.html"
169,8564467,80%,27 ปี,Lighting Artist,ขอนแก่น,-,ปริญญาตรี,คอมพิวเตอร์แอนิเมชั่นและเกม,มหาวิทยาลัยมหาสารคาม,-,20 ต.ค. 68,"https://www3.jobthai.com/resume/0,8564467.html"
170,7352359,100%,26 ปี,"IT Support, Application support, IT helpdesk",สมุทรปราการ,-,ปริญญาตรี,การจัดการ,มหาวิทยาลัยกรุงเทพธนบุรี,"IT Support, Associate, IT, ช่างเทคนิค, ช่างคอมพิวเตอร์",20 ต.ค. 68,"https://www3.jobthai.com/resume/0,7352359.html"
171,7263696,100%,29 ปี,"Mobile Developer, Front End Developer, Tester",นนทบุรี,-,ปริญญาตรี,คณิตศาสตร์ประยุกต์,เกษตรศาสตร์ วิทยาเขต ศรีราชา,"Mobile Application(Flutter), Mobile Developer, Mobile developer(Flutter), Front-End Developer, Junior Programmer",20 ต.ค. 68,"https://www3.jobthai.com/resume/0,7263696.html"
172,3930744,100%,39 ปี,"IT Support, System Admin, IT Helpdesk, เจ้าหน้าที่ IT, พนักงานไอที, ขายอุปกรณ์ไอที, คอมพิวเตอร์, Macbook, iPad, iPhone, ขายเครื่องดนตรี, ช่างภาพ, ตากล้อง, ผู้ช่วยช่างภาพ",พระนครศรีอยุธยา,"22, 000",ปริญญาตรี,ระบบสารสนเทศทางคอมพิวเตอร์,มหาวิทยาลัยเทคโนโลยีราชมงคลสุวรรณภูมิ ศูนย์วาสุกรี,"IT Support & System Admin, พนักงาน IT, IT Support, นักวิชาการคอมพิวเตอร์, IT Support",20 ต.ค. 68,"https://www3.jobthai.com/resume/0,3930744.html"
173,9090892,100%,24 ปี,"PE, Qa, IT",ชลบุรี,"18, 000",ปริญญาตรี,อิเล็กทรอนิกส์,มหาวิทยาลัยเทคโนโลยีราชมงคลอีสาน,software engineer,20 ต.ค. 68,"https://www3.jobthai.com/resume/0,9090892.html"
174,8191380,100%,40 ปี,"ตัดต่อวีดีโอ /กราฟิก, ครีเอทีฟ /ช่างภาพ ภาพนิ่ง ภาพยนต์, งานติดตั้งอุปกรณ์ IT",นครราชสีมา,ตามโครงสร้างบริษัท,ปริญญาตรี,"นิเทศศาสตร์ วิทยุ, โทรทัศน์",มหาวิทยาลัยราชภัฎบ้านสมเด็จเจ้าพระยา,"ผู้จัดการทั่วไป, ผู้ช่วยวิศวกร, เจ้าหน้าที่ติดตั้งอุปกรณ์ ออกอากาศ โทรทัศน์, สโตร์",20 ต.ค. 68,"https://www3.jobthai.com/resume/0,8191380.html"
175,8838901,100%,22 ปี,"Fontend Developer, Backend Developer, IT Support",ปทุมธานี,"15, 000-18, 000",ปริญญาตรี,เทคโนโลยีสารสนเทศและการสื่อสารดิจิทัล,มหาวิทยาลัยเทคโนโลยีราชมงคลธัญบุรี,FullStack Developer,20 ต.ค. 68,"https://www3.jobthai.com/resume/0,8838901.html"
176,7815456,100%,26 ปี,"UX/UI, QA",กรุงเทพมหานคร,"30, 000",ปริญญาตรี,วิศวกรรมคอมพิวเตอร์,มหาวิทยาลัยธุรกิจบัณฑิตย์,Ux/Ui Designer,20 ต.ค. 68,"https://www3.jobthai.com/resume/0,7815456.html"
177,8906615,95%,22 ปี,"Frontend developer, Backend developer, QA, Software Tester",นนทบุรี,"20, 000",ปริญญาตรี,วิทยาการคอมพิวเตอร์,มหาวิทยาลัยศรีนครินทรวิโรฒ,Frontend developer,20 ต.ค. 68,"https://www3.jobthai.com/resume/0,8906615.html"
178,6065687,100%,42 ปี,"คอมพิวเตอร์, ธุรการทั่วไป, ธุรการบุคคล",สมุทรปราการ,"27, 000",ปริญญาตรี,คอมพิวเตอร์ธุรกิจ,มหาวิทยาลัยราชภัฏสวนสุนันทา,"IT Support, ธุรการบัญชี ควบคุมสต๊อก, ธุรการฝ่ายขาย/สต๊อก/ประสานงาน, ธุรการทั่วไป",20 ต.ค. 68,"https://www3.jobthai.com/resume/0,6065687.html"
179,8737691,100%,24 ปี,"วิศวกรฮาร์ดแวร์ระบบสมองกลฝังตัว (Embedded Hardware Engineer), IT Support, วิศวกรหุ่นยนต์ (Robotics Engineer)",ชลบุรี,"18, 000 - 20, 000",ปริญญาตรี,วศ.บ. (วิศวกรรมระบบสมองกลฝังตัว) ปรับปรุง 62 - ป.ตรี 4 ปี ปกติ,มหาวิทยาลัยบูรพา,"วิศวกรซ่อมบำรุง (Maintenance Engineer), New Process Development / IN-SS (Interior Safety System)",20 ต.ค. 68,"https://www3.jobthai.com/resume/0,8737691.html"
180,8474291,100%,24 ปี,"IT Security, System Engineer, Programmer",ปทุมธานี,"24, 000",ปริญญาตรี,วิศวกรรมคอมพิวเตอร์,มหาวิทยาลัยเทคโนโลยีราชมงคลธัญบุรี,"IT Officer, เจ้าหน้าที่เซิร์ฟเวอร์, ครูสอนหมากล้อม, IT Support, กองเทคโนโลยีสารสนเทศ",20 ต.ค. 68,"https://www3.jobthai.com/resume/0,8474291.html"
181,7045642,95%,40 ปี,"IT Identity and User Access Management / IT User Admin, IT Application / OS / IT Security / IT Support / IT อื่นๆ, Tester, QA",กรุงเทพมหานคร,สามารถต่อรองได้,ปริญญาตรี,เทคโนโลยีสารสนเทศ(ระบบสารสนเทศเพื่อการจัดการ),มหาวิทยาลัยเทคโนโลยีสุรนารี,"Specialist-IT Security Management (Section Manager), Senior Assistant Manager-Tester-TQA, IT Identity and User Access Management (เจ้าหน้าที่บริหารจัดการเอกลักษณ์ระบบสารส, Service Engineer, Service Engineer",20 ต.ค. 68,"https://www3.jobthai.com/resume/0,7045642.html"
182,8377128,100%,23 ปี,"Software engineer, DevOps, ช่างเทคนิค",สมุทรปราการ,"25, 000",ปริญญาตรี,วิศวกรรมคอมพิวเตอร์,สถาบันเทคโนโลยีพระจอมเกล้าเจ้าคุณทหารลาดกระบัง,"software engineer, Technician, ฝึกงานช่างเทคนิค",20 ต.ค. 68,"https://www3.jobthai.com/resume/0,8377128.html"
183,8978873,100%,22 ปี,"Jr. Backend Developer, หรือสายงานที่เกี่ยวข้อง",สมุทรปราการ,"20, 000-25, 000",ปริญญาตรี,เทคโนโลยีสารสนเทศ,มหาวิทยาลัยเซาธ์อีสท์บางกอก วิทยาเขตบางนา,นักศึกษาฝึกงาน แผนก Software Developer,20 ต.ค. 68,"https://www3.jobthai.com/resume/0,8978873.html"
184,8884652,100%,25 ปี,"Network Engineer, Network Operation Center (NOC), IT Support",สมุทรปราการ,"20, 000-22, 000",ปริญญาตรี,คอมพิวเตอร์,สถาบันเทคโนโลยีไทย-ญี่ปุ่น,Service Network,20 ต.ค. 68,"https://www3.jobthai.com/resume/0,8884652.html"
185,3332733,100%,35 ปี,"Technical Support, System Admin, Application Support",กรุงเทพมหานคร,"45, 000",ปริญญาตรี,เทคโนโลยีสารสนเทศและการสื่อสาร,มหาวิทยาลัยศรีปทุม,"Technical Support / Application Support, IT Technical Support, IT Support/System Admin, IT Support/Helpdesk/Business Analysis, MIS",20 ต.ค. 68,"https://www3.jobthai.com/resume/0,3332733.html"
186,7488763,100%,27 ปี,"Business Analyst, Admin, คีย์ข้อมูล",กรุงเทพมหานคร,"18, 000",ปริญญาตรี,วิทยาการคอมพิวเตอร์และสารสนเทศ,มหาวิทยาลัยขอนแก่น,"Order Taker, Cashier, นักศึกษาฝึกงาน",20 ต.ค. 68,"https://www3.jobthai.com/resume/0,7488763.html"
187,8020713,100%,28 ปี,"Web Developer, Frontend developer",เชียงใหม่,"20, 000 - 25, 000",ปริญญาตรี,ระบบสารสนเทศทางธุรกิจ,มหาวิทยาลัยแม่โจ้,"web developer, โปรแกรมเมอร์, โปรแกรมเมอร์, โปรแกรมเมอร์",20 ต.ค. 68,"https://www3.jobthai.com/resume/0,8020713.html"
188,3606753,100%,36 ปี,"IT Manager, system engineer, system admin, Infra, network",กรุงเทพมหานคร,-,ปริญญาตรี,Computer Information System,rattana bundit university,"IT Infrastructure Manager, IT Manager, Senior System Admin, System Admin, System Admin",20 ต.ค. 68,"https://www3.jobthai.com/resume/0,3606753.html"
189,9102959,80%,23 ปี,"IT, ธุรการ",สมุทรปราการ,"15, 000",ปริญญาตรี,คอมพิวเตอร์ศึกษา,มหาวิทยาลัยราชภัฏอุบลราชธานี,-,20 ต.ค. 68,"https://www3.jobthai.com/resume/0,9102959.html"
190,6979793,100%,27 ปี,"It supports, helpdesk",กรุงเทพมหานคร,"20, 000+",ปริญญาตรี,เทคโนโลยีสารสนเทศ,มหาวิทยาลัยราชภัฏสวนสุนันทา,"it specialist, Helpdesk (outsource), Helpdesk, It supports/development ฝึกงาน",20 ต.ค. 68,"https://www3.jobthai.com/resume/0,6979793.html"
191,7416348,100%,28 ปี,"Web Developer, Full Stack Web Developer, back-end developer",กรุงเทพมหานคร,"29, 000",ปริญญาตรี,ระบบสารสนเทศ,มหาวิทยาลัยเทคโนโลยีราชมงคลกรุงเทพ,Programmer,20 ต.ค. 68,"https://www3.jobthai.com/resume/0,7416348.html"
192,8962216,100%,43 ปี,"IT Infrastructure Manager, Senior Network Engineer, Senior IT Administrator",กรุงเทพมหานคร,"35, 000-40, 000",ปริญญาโท,Information Technology,King Mongkut’s University of Technology Thonburi,"Senior System Engineer, IT Infrastructure Manager, Information Technology Infrastructure Specialist, Network Systems Administrator, Systems Administrator",20 ต.ค. 68,"https://www3.jobthai.com/resume/0,8962216.html"
193,6961669,100%,29 ปี,"ผู้ช่วยผู้จัดการฝ่ายวิศวกรรม, ผู้ช่วยผู้จัดการแผนกซ่อมบำรุง, Junior AI ML Engineer",สมุทรสาคร,"32, 000-40, 000",ปริญญาโท,วิศวกรรมไฟฟ้าและคอมพิวเตอร์,มหาวิทยาลัยเทคโนโลยีสุรนารี,"ผู้ช่วยผู้จัดการฝ่ายวิศวกรรม, Site engineer, นักศึกษาฝึกงาน",20 ต.ค. 68,"https://www3.jobthai.com/resume/0,6961669.html"
194,8984693,90%,23 ปี,"Software tester, It supports",กรุงเทพมหานคร,-,ปริญญาตรี,วิทยาการคอมพิวเตอร์,มหาวิทยาลัยเกษตรศาสตร์ วิทยาเขตเฉลิมพระเกียรติ จังหวัดสกลนคร,Web developer,20 ต.ค. 68,"https://www3.jobthai.com/resume/0,8984693.html"
195,8855592,100%,24 ปี,"พนักงานโรงแรม, เจ้าหน้าที่ประชาสัมพันธ์, เจ้าหน้าที่ IT Support",ปทุมธานี,"16, 000",ปริญญาตรี,อุตสาหกรรมการบริการและการประกอบอาหาร,มหาวิทยาลัยนอร์ทกรุงเทพ วิทยาเขตรังสิต,"Assistant Operator, Serveice Staff",20 ต.ค. 68,"https://www3.jobthai.com/resume/0,8855592.html"
196,9003397,95%,23 ปี,"Hardware Engineer, Database Engineer",กรุงเทพมหานคร,-,ปริญญาตรี,วิศวกรรมคอมพิวเตอร์,สถาบันเทคโนโลยีพระจอมเกล้าเจ้าคุณทหารลาดกระบัง วิทยาเขตชุมพรเขตรอุดมศักดิ์,พนักงานIT/Hardware,20 ต.ค. 68,"https://www3.jobthai.com/resume/0,9003397.html"
197,7868965,100%,36 ปี,"Software Helpdesk, Support Software, Admin IT, Support IT",กรุงเทพมหานคร,"29, 000",ปริญญาตรี,คอมพิวเตอร์และเทคโนโลยีสารสนเทศ,มหาวิทยาลัยราชภัฏเลย,"Software Support, Software helpdesk, software helpdesk",20 ต.ค. 68,"https://www3.jobthai.com/resume/0,7868965.html"
198,1889130,100%,41 ปี,"IT Manager, IT Infrastructure, Network Engineer manager",ฉะเชิงเทรา,"ึุ60, 000",ปริญญาโท,วิศวกรรมเครือข่าย,มหาวิทยาลัยมหานคร,"Senior Network and Security Engineer, Network Engineer Manager, Senior Business Development Executive, Senior Network Engineer, IT Supervisor",20 ต.ค. 68,"https://www3.jobthai.com/resume/0,1889130.html"
199,8499698,100%,31 ปี,"IT Support, Software Tester, Network",กรุงเทพมหานคร,"30, 000 - 35, 000",ปริญญาตรี,เทคโนโลยีสารสนเทศ,มหาวิทยาลัยราชภัฏมหาสารคาม,"IT Support, IT Support, CM Representative IT-Skill",20 ต.ค. 68,"https://www3.jobthai.com/resume/0,8499698.html"
200,8420174,100%,24 ปี,"ช่างซ่อมบำรุง, ช่างเทคนิค, Computer Technician, IT Support",ราชบุรี,"18, 000",ปริญญาตรี,เทคโนโลยีวิศวกรรมอิเล็กทรอนิกส์(เครื่องมือวัดและควบคุม),มหาวิทยาลัยเทคโนโลยีพระจอมเกล้าพระนครเหนือ,"เจ้าหน้าที่ช่างเทคนิค, พนักงาน QA-QAD, Computer Technicians",20 ต.ค. 68,"https://www3.jobthai.com/resume/0,8420174.html"
